application_download20250214-23-g9whyz,Unnamed:_1,Unnamed:_2,Unnamed:_3,Unnamed:_4,Unnamed:_5,Unnamed:_6,Unnamed:_7,Unnamed:_8,Unnamed:_9,Unnamed:_10,Unnamed:_11,Unnamed:_12,Unnamed:_13,Unnamed:_14,Unnamed:_15,Unnamed:_16,Unnamed:_17,Unnamed:_18,Unnamed:_19,Unnamed:_20,Unnamed:_21
"Application ID","Application Date",Status,"Student ID","Student First Name","Student Last Name","Student Email","Fully Qualified","Student School Year Name","Student School","Student Primary College","Student Graduation Date",Majors,"Applied To ID","Applied To Type","Applied To Name","Job Applied For ID","Job Applied For Name","Employer ID","Employer Name","Employer Division","Document IDs"
1000000,"2024-11-07 15:36:00 UTC",reviewed,3000000000,Frank,Smith,frank.smith@utdallas.edu,0,Masters,"The University of Texas at Dallas","Naveen Jindal School of Management","2026-05-17 00:00:00","Info Technology and MGT",9442282,Job,"Computer Science Grader - Graduate",9442282,"Computer Science Grader - Graduate",308318,"UT Dallas - Computer Science","Computer Science",DOC10000
1000001,"2024-11-07 15:36:07 UTC",reviewed,3000000001,Frank,Williams,frank.williams@utdallas.edu,1,Masters,"The University of Texas at Dallas","Erik Jonsson School of Engineering and Computer Science","2025-05-01 00:00:00","Computer Science",9442282,Job,"Computer Science Grader - Graduate",9442282,"Computer Science Grader - Graduate",308318,"UT Dallas - Computer Science","Computer Science",DOC10001
1000002,"2024-11-07 15:36:08 UTC",reviewed,3000000002,Frank,Brown,frank.brown@utdallas.edu,0,Masters,"The University of Texas at Dallas","School of Economic Political and Policy Sciences","2026-07-01 00:00:00","Cyber Sec. Tech. & Pol.",9442282,Job,"Computer Science Grader - Graduate",9442282,"Computer Science Grader - Graduate",308318,"UT Dallas - Computer Science","Computer Science",DOC10002
1000003,"2024-11-07 15:36:16 UTC",reviewed,3000000003,Diana,Davis,diana.davis@utdallas.edu,0,Masters,"The University of Texas at Dallas","Naveen Jindal School of Management","2026-05-31 00:00:00","Analytics for Managers, Bus Analytics & Data Mining, Bus. Anly. & Artif. Intell.",9442282,Job,"Computer Science Grader - Graduate",9442282,"Computer Science Grader - Graduate",308318,"UT Dallas - Computer Science","Computer Science",DOC10003
1000004,"2024-11-07 15:36:19 UTC",reviewed,3000000004,Eve,Jones,eve.jones@utdallas.edu,0,Masters,"The University of Texas at Dallas","Erik Jonsson School of Engineering and Computer Science","2026-05-01 00:00:00","Computer Science",9442282,Job,"Computer Science Grader - Graduate",9442282,"Computer Science Grader - Graduate",308318,"UT Dallas - Computer Science","Computer Science",DOC10004
1000005,"2024-11-07 15:36:21 UTC",reviewed,3000000005,Diana,Brown,diana.brown@utdallas.edu,1,Masters,"The University of Texas at Dallas","Erik Jonsson School of Engineering and Computer Science","2026-05-01 00:00:00","Computer Science",9442282,Job,"Computer Science Grader - Graduate",9442282,"Computer Science Grader - Graduate",308318,"UT Dallas - Computer Science","Computer Science",DOC10005
1000006,"2024-11-07 15:36:39 UTC",reviewed,3000000006,Bob,Jones,bob.jones@utdallas.edu,1,Masters,"The University of Texas at Dallas","Erik Jonsson School of Engineering and Computer Science","2025-05-07 00:00:00","Computer Science",9442282,Job,"Computer Science Grader - Graduate",9442282,"Computer Science Grader - Graduate",308318,"UT Dallas - Computer Science","Computer Science",DOC10006
1000007,"2024-11-07 15:36:49 UTC",reviewed,3000000007,Ivy,Smith,ivy.smith@utdallas.edu,1,Masters,"The University of Texas at Dallas","Erik Jonsson School of Engineering and Computer Science","2026-05-01 00:00:00","Computer Science",9442282,Job,"Computer Science Grader - Graduate",9442282,"Computer Science Grader - Graduate",308318,"UT Dallas - Computer Science","Computer Science",DOC10007
1000008,"2024-11-07 15:36:56 UTC",reviewed,3000000008,Charlie,Miller,charlie.miller@utdallas.edu,0,Masters,"The University of Texas at Dallas","School of Economic Political and Policy Sciences","2025-05-07 00:00:00","Cyber Sec. Tech. & Pol.",9442282,Job,"Computer Science Grader - Graduate",9442282,"Computer Science Grader - Graduate",308318,"UT Dallas - Computer Science","Computer Science",DOC10008
