id,course_code,course_title,keywords,course_level
1,"CS 1134","Computer Science Laboratory","laboratory course to accompany || this course assists students in experiencing elementary programming in a high-level language",Undergraduate
2,"CS 1136","Computer Science Laboratory","laboratory course to accompany || this course assists students in experiencing elementary programming in a high-level language",Undergraduate
3,"CS 1200","Introduction to Computer Science and Software Engineering","introduction to the computing professions; overview of computer science (cs) and software engineering (se) curricula, connections with computer engineering, other engineering and computer science fields, and arts and technology programs; problem solving and other skills needed to succeed as a cs or se major || introduction to quantitative methods; team projects designed to replicate decision processes and problem solving in real-world situations; || or or or can substitute for this course (together with 1 hour of cs elective)",Undergraduate
4,"CS 1324","Introduction to Programming for Biomedical Engineers","computer programming in a high-level, block structured language with a focus on engineering applications in medicine || basic data types and variables, memory usage, control structures, functions/procedures and parameter passing, recursion, input/output || programming projects related to biomedical engineering applications",Undergraduate
5,"CS 1325","Introduction to Programming","computer programming in a high-level, block structured language || basic data types and variables, memory usage, control structures, functions/procedures and parameter passing, recursion, input/output || programming assignments related to engineering applications, numerical methods || prerequisite or corequisite: or s",Undergraduate
6,"CS 1334","Programming Fundamentals for Non-Majors","introduction to computers || primitive data types, variable declarations, variable scope, and primitive operations || arrays and strings using primitive data arrays || designed for students with no prior computer programming experience",Undergraduate
7,"CS 1335","Computer Science I for Non-majors","introduction to object-oriented software analysis, design, and development || classes and objects || object composition and polymorphism || sorting and searching || strings using core classes || inheritance and interfaces || graphical user interfaces",Undergraduate
8,"CS 1336","Programming Fundamentals","introduces the fundamental concepts of structured programming || topics include software development methodology, data types, control structures, functions, arrays, and the mechanics of running, testing, and debugging || programming language of choice is c",Undergraduate
9,"CS 1337","Computer Science I","review of control structures and data types with emphasis on structured data types || applies the object-oriented programming paradigm, focusing on the definition and use of classes along with the fundamentals of object-oriented design || includes basic analysis of algorithms, searching and sorting techniques, and an introduction to software engineering || programming language of choice is c/c++",Undergraduate
10,"CS 1436","Programming Fundamentals","introduces the fundamental concepts of structured programming || topics include software development methodology, data types, control structures, functions, arrays, and the mechanics of running, testing, and debugging || programming language of choice is c",Undergraduate
11,"CS 2305","Discrete Mathematics for Computing I","principles of counting || logic and proof methods || sets, relations, functions || elementary graph theory || elementary number theory",Undergraduate
12,"CS 2335","Computer Science II for Non-majors","exceptions and number formatting || file input/output using stream classes || implementation of primitive data structures, including linked lists, stacks, queues, and binary trees || advanced data manipulation using core classes",Undergraduate
13,"CS 2336","Computer Science II","further applications of programming techniques, introducing the fundamental concepts of data structures and algorithms || topics include recursion, fundamental data structures (including stacks, queues, linked lists, hash tables, trees, and graphs), and algorithmic analysis || includes comprehensive programming projects || programming language of choice is java",Undergraduate
14,"CS 2337","Computer Science II","further applications of programming techniques, introducing the fundamental concepts of data structures and algorithms || topics include recursion, fundamental data structures (including stacks, queues, linked lists, hash tables, trees, and graphs), and algorithmic analysis || includes comprehensive programming projects || programming language of choice is c++",Undergraduate
15,"CS 2340","Computer Architecture","this course introduces the concepts of computer architecture by going through multiple levels of abstraction, and the numbering systems and their basic computations || it focuses on the instruction-set architecture of the mips machine, including mips assembly programming, translation between mips and c, and between mips and machine code || general topics include performance calculation, processor datapath, pipelining, and memory hierarchy",Undergraduate
16,"CS 2V95","Individual Instruction in Computer Science","individual study under a faculty member's direction || may be repeated for credit as topics vary || additional instructor consent required",Undergraduate
17,"CS 3149","Competitive Learning in Computer Science","in this course, students will work together in small teams to solve graduated problems, similar to those used in programming contests around the world || approaches to categorizing problems and selecting appropriate data structures and algorithms will be covered, along with types of algorithms for solving problems (brute force, greedy, divide and conquer, dynamic programming) || students will do problem solving in a competitive environment against the clock || may be repeated for credit as topics vary",Undergraduate
18,"CS 3162","Professional Responsibility in Computer Science and Software Engineering","professional and ethical responsibilities of computer scientists and software engineers as influenced by growth in computer use and networks || costs and benefits of computer technology || risks and liabilities of safety-critical systems || social implications of the internet || interaction between human values and technical decisions involving computing || global impact of computing",Undergraduate
19,"CS 3305","Discrete Mathematics for Computing II","advanced counting methods; recurrence relations, divide and conquer algorithms, principle of inclusion and exclusion || partial orders and lattices, algorithmic complexity || strings and languages || elements of modern algebra || double majors are required to take",Undergraduate
20,"CS 3333","Data Structures","programming with basic data structures (arrays, stacks, queues, lists, and trees) and their associated algorithms || various sorting and searching techniques || fundamental graph algorithms || this course covers much of the same material as without requiring the analysis of algorithms",Undergraduate
21,"CS 3341","Probability and Statistics in Computer Science and Software Engineering","axiomatic probability theory, independence, conditional probability || discrete and continuous random variables, special distributions of importance to cs/se, and expectation || simulation of random variables || central limit theorem || basic statistical inference, parameter estimation, hypothesis testing, and linear regression || introduction to stochastic processes || illustrative examples and simulation exercises from queuing, reliability, and other cs/se applications",Undergraduate
22,"CS 3345","Data Structures and Introduction to Algorithmic Analysis","analysis of algorithms including time complexity and big-o notation || analysis of stacks, queues, and trees, including b-trees || heaps, hashing, and advanced sorting techniques || disjoint sets and graphs || course emphasizes design and implementation",Undergraduate
23,"CS 3349","Competitive Learning in Computer Science","the course explores the following topics and their related problems: number theory, combinatorics, divide and conquer technique, dynamic programming technique, greedy algorithms, computational geometry, numerical methods, graph algorithms, network flows, and other advanced computing techniques || students will use various algorithmic problem-solving platforms to quickly develop and implement working solutions for non-trivial computing problems || during the course, y",Undergraduate
24,"CS 3354","Software Engineering","introduction to software life cycle models || software requirements engineering, formal specification and validation || techniques for software design and testing || cost estimation models || issues in software quality assurance and software maintenance",Undergraduate
25,"CS 3360","Computer Graphics for Artists and Designers","device and logical coordinate systems, and the nature of raster display || algorithms for basic 2-d drawing primitives, such as line-drawing, clipping and bezier curves || perspectives in 3-d, and hidden-face elimination, such as painter's and z-buffer algorithms || color and texture || fractals and the mandelbrot set",Undergraduate
26,"CS 3377","Systems Programming in UNIX and Other Environments","basic unix concepts, commands and utilities, organization of unix file system including links and access control, creating and managing unix processes and threads, implementing algorithms using shell scripts, basic networking concepts including socket and client-server programming, inter-process communication using pipes and signals, using a version control system to manage work, and introduction to cloud computing || design and implementation of a comprehensive programming project is required",Undergraduate
27,"CS 3385","Ethics, Law, Society, and Computing","issues of professional ethics; computer crime; wiretapping and encryption; protecting software and other intellectual property; privacy and information; careers and computers; reliability and safety; constitutional issues || broader issues on the impact and control of computers",Undergraduate
28,"CS 3V95","Undergraduate Topics in Computer Science","subject matter will vary from semester to semester || may be repeated for credit as topics vary || additional instructor consent required",Undergraduate
29,"CS 4141","Digital Systems Laboratory","laboratory to accompany || the purpose of this laboratory is to give students an intuitive understanding of digital circuits and systems || laboratory exercises include construction of simple digital logic circuits using prototyping kits and board-level assembly of a personal computer",Undergraduate
30,"CS 4301","Special Topics in Computer Science","may be repeated for credit as topics vary",Undergraduate
31,"CS 4314","Intelligent Systems Analysis","this advanced machine learning course covers mathematics essential for the analysis and design of unsupervised, supervised, and reinforcement machine learning algorithms including deep learning neural network models formulated within a statistical empirical risk minimization framework || course topics include: advanced vector and matrix calculus and stochastic sequences of mixed random vectors, markov fields, and bayesian nets || unsupervised, supervised, and reinforcement machine learning applications are emphasized throughout the course",Undergraduate
32,"CS 4315","Intelligent Systems Design","this advanced machine learning course covers mathematics essential for the analysis and design of unsupervised, supervised, and reinforcement machine learning algorithms including deep learning neural network models formulated within a statistical empirical risk minimization framework || topics include: convergence analysis of adaptive and batch learning algorithms, monte carlo markov chain inference algorithms, bootstrap sampling methods, and the statistical analysis of generalization performance using model selection measures such as aic and bic || unsupervised, supervised, and reinforcement machine learning applications are emphasized throughout the course",Undergraduate
33,"CS 4332","Introduction to Programming Video Games","video game programming concepts || programming with game engine || 2d and 3d computer graphics techniques and data structures || computer animation, physics-based methods and collision detection || gpu and shader programming || artificial intelligence for video games || networking and multiplayer",Undergraduate
34,"CS 4334","Numerical Analysis","solution of linear equations, roots of polynomial equations, interpolation and approximation, numerical differentiation and integration, solution of ordinary differential equations, computer arithmetic, and error analysis",Undergraduate
35,"CS 4336","Advanced Java","programming techniques for enterprise application development || covers java enterprise api's for working with databases, web servers, and application servers || students will create multi-tiered web applications and web services integrated with a database",Undergraduate
36,"CS 4337","Programming Language Paradigms","principles of design and implementation of contemporary programming languages || formal description including specification of syntax and semantics of programming languages || language definition structures including binding, scoping, data types, control structures, parameter passing, abstraction mechanism, and run-time considerations || design issues of different programming languages || design, implement, and debug programs in various programming language paradigms",Undergraduate
37,"CS 4341","Digital Logic and Computer Design","boolean algebra and logic circuits; synchronous sequential circuits; gate level design of alsu, registers, and memory unit; register transfer operations; design of data path and control unit for a small computer; input-output interface",Undergraduate
38,"CS 4347","Database Systems","this course emphasizes the concepts and structures necessary for the design and implementation of database management systems || topics include data models, data normalization, data description languages, query facilities, file organization, index organization, file security, data integrity, and reliability",Undergraduate
39,"CS 4348","Operating Systems Concepts","an introduction to fundamental concepts in operating systems: their design, implementation, and usage || topics include process management, main memory management, virtual memory, i/o and device drivers, file systems, secondary storage management, and an introduction to critical sections and deadlocks",Undergraduate
40,"CS 4349","Advanced Algorithm Design and Analysis","asymptomatic analysis, recurrences, and graph algorithms || algorithm design techniques such as greedy method, dynamic programming, and divide-and-conquer || issues from computational complexity || course emphasizes a theoretical approach",Undergraduate
41,"CS 4352","Introduction to Human-Computer Interaction","broad overview of how human-computer interaction (hci) informs the user-centered design (ucd) process || practical experience in the core methods of user experience design and research throughout the product development cycle",Undergraduate
42,"CS 4361","Computer Graphics","review of graphic display architecture and graphic input devices || two- and three-dimensional transformations, matrix formulations, and concatenation || clipping and windowing || data structures for graphics systems, segmented display files, rings, etc || hidden line and surface elimination || graphics packages and applications",Undergraduate
43,"CS 4365","Artificial Intelligence","basic concepts and techniques that enable computers to perform intelligent tasks || examples are taken from areas such as natural language understanding, computer vision, machine learning, search strategies and control, logic, and theorem proving",Undergraduate
44,"CS 4371","Introduction to Big Data Management and Analytics","this course focuses on scalable data management and mining algorithms for analyzing very large amounts of data (i || , big data) || included topics are: mapreduce, nosql systems (e || , key-value stores, column-oriented data stores, stream processing systems), association rule mining, large scale supervised and unsupervised learning, and applications including recommendation systems, web and big data security",Undergraduate
45,"CS 4372","Computational Methods for Data Scientists","this course will focus on the application of computational tools to solve machine learning problems || applicable languages may include python, 'r', weka, or others at the discretion of the instructor || students will use these languages to apply machine learning concepts to problem data sets",Undergraduate
46,"CS 4375","Introduction to Machine Learning","algorithms for creating computer programs that can improve their performance through learning || topics include: cross-validation, decision trees, neural nets, statistical tests, bayesian learning, computational learning theory, instance-based learning, reinforcement learning, bagging, boosting, support vector machines, hidden markov models, clustering, and semi-supervised and unsupervised learning techniques",Undergraduate
47,"CS 4376","Object-Oriented Design","in-depth study of the features/advantages of object-oriented approach to problem solving || special emphasis on issues of object-oriented analysis, design, implementation, and testing || review of basic concepts of object-oriented technology (abstraction, inheritance, and polymorphism) || object-oriented programming languages, databases, and productivity tools",Undergraduate
48,"CS 4384","Automata Theory","a review of the abstract notions encountered in machine computation || deterministic and nondeterministic finite automata; regular expressions, regular sets, context-free grammars, pushdown automata, context-free languages || selected topics from turing machines and undecidability",Undergraduate
49,"CS 4386","Compiler Design","basic phases of a compiler and their design principles || topics include lexical analysis, basic parsing techniques such as lr(k) and ll(k) grammars",Undergraduate
50,"CS 4389","Data and Applications Security","data as a critical resource || threats to data and applications security including access control violations, integrity violations, unauthorized intrusions and sabotage; techniques to enforce security",Undergraduate
51,"CS 4390","Computer Networks","the design and analysis of computer networks || topics include the iso reference model, transmission media, medium-access protocols, lans, data link protocols, routing, congestion control, internetworking, and connection management",Undergraduate
52,"CS 4391","Introduction to Computer Vision","techniques for manipulating and extracting information from digital images and video || topics include color representations, analysis and processing based on image histograms, geometric transformations, convolutions, image blurring and sharpening, extraction of edges, matching, image and video motion",Undergraduate
53,"CS 4392","Computer Animation","introduction to traditional animation || kinematics of motion || coordinate systems and transformations (review), euler angles and quaternions, catmull rom and b-splines, advanced key framing, articulated figures (forward kinematics), human and animal modeling (soft tissue, skin, etc || facial animation (parametric) || physically based modeling (rigid, collision detection) || physically based modeling (deformable) || behavioral and heuristic models || animation languages and systems || motion capture and real time control || virtual reality and animation || rendering and temporal aliasing || 2d and 3d morphing",Undergraduate
54,"CS 4393","Computer and Network Security","the study of security and vulnerabilities in computer and network systems || common attacking techniques such as buffer overflow, viruses, worms, etc || security in existing systems such as unix, windows, and jvm || fundamental access control and information flow concepts || symmetric ciphers such as des and aes || public-key encryption techniques and related number theory || message authentication, hash functions, and digital signatures || authentication applications, ip security and web security",Undergraduate
55,"CS 4394","Implementation of Modern Operating Systems","this course focuses on developing systems implementation skills through a set of projects || each project will explore one fundamental component of operating systems such as process scheduling, memory management, device drivers, file systems, and network communication management || the projects are expected to involve kernel-level programming",Undergraduate
56,"CS 4395","Human Language Technologies","introduction to human language technologies (hlt), the study of natural languages from a computational perspective || topics include computational models of syntax and semantics, natural language applications (such as machine translation, speech processing, information retrieval, and information extraction), and general machine-learning techniques commonly used in state-of-the-art hlt research",Undergraduate
57,"CS 4396","Networking Laboratory","this course takes a lab-oriented approach to demonstrate how basic networking concepts are applied in a real network || the hands-on projects include setting up simple network topologies, configuring devices to run basic network protocols, and using various debugging tools to identify, locate, and fix common problems in networking",Undergraduate
58,"CS 4397","Embedded Computer Systems","introduction to embedded computer applications and concepts || real-time operating systems and resource management || real-time scheduling and communication || senior data acquisition, processing and fusion || error handling, fault tolerance, and graceful degradation || system performance analysis and optimization techniques || includes a project to develop and analyze a small embedded computer application",Undergraduate
59,"CS 4398","Digital Forensics","creating and preserving digital evidence, data recovery and evidence collection algorithms, evidence construction and reconstruction, methods for certifying evidence, storing evidence, data acquisition, forensic analysis algorithms, image files, network forensics, logging methods to trace back attacks and digital trails, e-mail investigations",Undergraduate
60,"CS 4399","Senior Honors in Computer Science","for students conducting independent research for honors theses or projects || topics may vary || additional instructor consent required",Undergraduate
61,"CS 4459","Cyber Attack and Defense Laboratory","this course aims to teach a wide spectrum of offensive techniques and their defenses for computer systems || in particular, the course will cover introductory (e || , stack overflow, shellcode) to intermediary level (e || , heap exploits) binary reversing and pwning techniques, which include vulnerability analysis, exploit development, patching vulnerabilities, bug hunting, etc || the course comprises of eight units of hands-on labs with capture-the-flag (ctf) style challenges || the course will be hands-on heavy and will require students to work on a series of in-class and out-of-class ctf style challenges",Undergraduate
62,"CS 4475","Capstone Project","this course is intended to provide hands-on experience in a data science project || students will work in teams on projects and will be involved in formulating a relevant problem, collecting the requisite data, finding a solution, and developing the necessary computational tools || the deliverables will include a final project report that details these steps and presentation of the project",Undergraduate
63,"CS 4485","Computer Science Project","this course is intended to complement theory and to provide an in-depth, hands-on experience in all aspects of a software development project || students will work in teams and will be involved in specifying the problem and its solution, designing and analyzing the solution, developing the software architecture, along with implementation and testing plans || the deliverables will include reports that document these steps as well as a final project report, including the challenges they faced, and a user manual of the developed system || students will explore security issues of their project and its potential impact on society || teams will also make presentations as well as demonstrate their software || additionally, this course will cover topics related to computer science profession including ethics and professional responsibility, entrepreneurship, leadership, and project management",Undergraduate
64,"CS 4V95","Undergraduate Topics in Computer Science","subject matter will vary from semester to semester || additional may be used as cs guided elective on cs degree plans || may be repeated for credit as topics vary",Undergraduate
65,"CS 4V98","Undergraduate Research in Computer Science","topics will vary from semester to semester || may be repeated for credit as topics vary || additional instructor consent required",Undergraduate
66,"CS 5302","Topics in Computer Science","may be repeated for credit as topics vary",Graduate
67,"CS 5303","Computer Science I","computer science problem solving || the structure and nature of algorithms and their corresponding computer program implementation || programming in a high level block-structured language (e || , pascal, ada, c++, or java) || elementary data structures: arrays, records, linked lists, trees, stacks and queues",Graduate
68,"CS 5330","Computer Science II","basic concepts of computer organization: numbering systems, two's complement notation, multi-level machine concepts, machine language, assembly programming and optimization, subroutine calls, addressing modes, code generation process, cpu datapath, pipelining, risc, cisc, and performance calculation",Graduate
69,"CS 5333","Discrete Structures","mathematical foundations of computer science || logic, sets, relations, graphs and algebraic structures || combinatorics and metrics for performance evaluation of algorithms",Graduate
70,"CS 5343","Algorithm Analysis and Data Structures","formal specifications and representation of lists, arrays, trees, graphs, multilinked structures, strings, and recursive pattern structures || analysis of associated algorithms || sorting and searching, file structures || relational data models",Graduate
71,"CS 5348","Operating Systems Concepts","processes and threads || concurrency issues including semaphores, monitors and deadlocks || simple memory management || virtual memory management || cpu scheduling algorithms || introduction to distributed systems || must have a working knowledge of c and unix",Graduate
72,"CS 5349","Automata Theory","deterministic and nondeterministic finite automata; regular expressions, regular sets, context-free grammars, pushdown automata, context free languages || selected topics from turing machines and undecidability",Graduate
73,"CS 5375","Principles of UNIX","design and history of the unix operating system || detailed study of process and file system data structures || shell programming in unix || use of process-forking functionality of unix to simplify complex problems || interprocess communication and coordination || device drivers and streams as interfaces to hardware features || tcp/ip and other unix inter-machine communication facilities",Graduate
74,"CS 5390","Computer Networks","the design and analysis of protocols for computer networking || topics include: network protocol design and composition via layering, contention resolution in multi-access networks, routing metrics and optimal path searching, traffic management, global network protocols; dealing with heterogeneity and scalability",Graduate
75,"CS 5V81","Special Topics in Computer Science","may be repeated as topics vary",Graduate
76,"CS 6301","Special Topics in Computer Science","may be repeated for credit as topics vary",Graduate
77,"CS 6302","Special Topics in Computer Science","for non-cs/se majors",Graduate
78,"CS 6303","Cyber Security Essentials for Practitioners","the cybersecurity essentials course develops a foundational understanding of cybersecurity as a business risk || this class will help identify threats to an organization and how they relate to cyber security || an in-depth understanding of the different types of cyberattacks, the business systems that are most at risk, and the importance of an organization-wide approach to cybersecurity || this course will also cover the crucial role of leadership in managing cyber risk throughout the entire organization",Graduate
79,"CS 6304","Computer Architecture","( and ) trends in processor, memory, i/o and system design || techniques for quantitative analysis and evaluation of computer systems to understand and compare alternative design choices in system design || components in high performance processors and computers: pipelining, instruction level parallelism, memory hierarchies, and input/output || students will undertake a major computing system analysis and design project || must have an understanding of c/c++",Graduate
80,"CS 6305","Data Security and Privacy for Practitioners","the course will teach principles, tools, and trends for data and application security and privacy || topics to be covered include: confidentiality, privacy and trust management || additionally, best practices and policies to promote secure databases, distributed systems, and applications such as social media systems, the cloud, and iot systems will be covered || in addition, the privacy implications of data analytics and potential solutions will be discussed || students will assess one system or application to identify potential vulnerabilities and identify possible remediations || the topics include an overview of common and emerging vectors of attack and the best practices for deterring them",Graduate
81,"CS 6306","Cyber Security Analytics & Malware Analysis for Practitioners","a supervisory view of security vulnerabilities in information systems, applications and safe computing || additionally, best practices to promote security standards and applications, management and analysis of security || applications of data science techniques, preparation for adversarial attacks",Graduate
82,"CS 6307","Introduction to Big Data Management and Analytics for non CS-Majors","database fundamentals including query processing, parallel/distributed data processing, nosql systems (e || , key-value stores, column-oriented data stores, mapreduce), graph processing, and recommendation systems using big data technologies",Graduate
83,"CS 6308","Cyber Physical Systems and Critical Infrastructure Security for Practitioners","the stuxnet attack was a wake-up call to improve the security of our critical infrastructures, which include transportation networks, the power grid, and other cyber-physical systems, where computation, communications, and control are tightly integrated || this class covers the security of cyber-physical systems from a multi-disciplinary point of view, from computer science security research (network security and software security), to public policy (e || , the executive order 13636), risk-assessment, business drivers, and control-theoretic methods to reduce the cyber-risk to cyber-physical critical infrastructures || students are required to participate in several cyber war games",Graduate
84,"CS 6312","Scalable Implementation of Data Structures and Algorithms","this course focuses on scalable implementation of various data structures and algorithms || design and implement data structures for a given situation || evaluate the performance of various data structures and algorithms for inputs of very large sizes || through experimental studies of several algorithms, understand that constants in asymptotic bounds have significant performance impact || implement short projects every week and several long projects",Graduate
85,"CS 6313","Statistical Methods for Data Science","statistical methods for data science || statistical methods are developed at an intermediate level || point and interval estimation || parametric and nonparametric hypothesis testing || analysis of variance || regression, model building and model diagnostics || monte carlo simulation and bootstrap || introduction to a statistical software package",Graduate
86,"CS 6314","Web Programming Languages","advanced understanding of web architecture, standards, protocols, tools, and technologies || tools required for web programming including html, css, and javascript; xml and database technologies; server-side programming using php; web security protocols and standards; techniques and algorithms related to web services, cloud computing, and semantic web",Graduate
87,"CS 6315","Semantic Web","history and foundations of semantic web || uris and namespaces; xml and xmls datatypes, rdf and rdf/xml, rdfs, and owl (lite, dl and full); applications of semantic web; introduction to owl 2 features and profiles; design patterns used in the creation of semantic web solutions",Graduate
88,"CS 6319","Computational Geometry","this course will cover basic computational geometry topics, such as computing convex hulls, computing voronoi diagrams and delaunay triangulations, motion planning, and the main methods for developing geometric algorithms || we will also discuss various geometric data structures for point location and range searching and additional topics at the discretion of the instructor, such as geometric approximation and high dimensional data analysis",Graduate
89,"CS 6320","Natural Language Processing","this course covers state-of-the-art methods for natural language processing || after an introduction to the basics of syntax, semantic, and discourse analysis, the focus shifts to the integration of these modules into natural-language processing systems || in addition to natural language understanding, the course presents advanced material on lexical knowledge acquisition, natural language generation, machine translation, and parallel processing of natural language",Graduate
90,"CS 6321","Discourse Processing","introduction to discourse processing from natural language texts || automatic clustering of utterances into coherent units (segments) with hierarchical structures || state-of-the-art research in textual cohesion, coherence, and discourse understanding || included topics are anaphoric reference and ellipsis, notion of textual context, and relationship between tense, aspect, and discourse states",Graduate
91,"CS 6322","Information Retrieval","this course covers modern techniques for storing and retrieving unformatted textual data and providing answers to natural language queries || current research topics and applications of information retrieval in data mining, data warehousing, text mining, digital libraries, hypertext, multimedia data, and query processing are also presented",Graduate
92,"CS 6323","Computer Animation and Gaming","theoretical foundations and programming techniques involved in computer animation and game engines || specific topics include 2d and 3d transformations, skeletons, forward and inverse kinematics, skinning, keyframing, particle systems, rigid bodies, cloth animation, collision detection, and animation for video games",Graduate
93,"CS 6324","Information Security","a comprehensive study of security vulnerabilities in information systems and the basic techniques for developing secure applications and practicing safe computing || topics include common attacking techniques such as buffer overflow, trojan, virus, etc || unix, windows and java security || hashing functions and data integrity || public-key encryption (rsa, elliptic-curve) || watermarking for multimedia || security standards and applications || building secure software and systems || management and analysis of security || legal and ethical issues in computer security",Graduate
94,"CS 6326","Human Computer Interactions","in-depth exploration of human-computer interactions (hci) || models and principles of hci || the user experience (ux) lifecycle and design guidelines for a wide variety of advanced interfaces, such as mobile devices and 3d sensors || ux evaluation of interface designs",Graduate
95,"CS 6327","Video Analytics","in-depth analysis of topics such as: video features for (human) activity and event detection; large-scale video event classification algorithms; objects-in-video counting approaches; multi-camera video handling; compressed video event detection and analyzing video in large-scale human traffic areas (such as shopping malls, airports, train-stations, etc",Graduate
96,"CS 6328","Modeling and Simulation","theory and practice of modeling, including models for concepts, knowledge, geometry, and dynamics || a variety of model types are covered along with their algebraic and diagrammatic representations || creative media design and representation of models is stressed",Graduate
97,"CS 6331","Multimedia Systems","analyzing and understanding how different media data (such as text, audio, images, video, and 3d graphics) can be stored, queried, delivered, and consumed || these aspects will be discussed from the point of view of the operating system, databases, and networking",Graduate
98,"CS 6332","Systems Security and Binary Code Analysis","concepts, techniques, and tools to capture the structure, format, and representation of binary code, and transform them for higher level analysis || use of static analysis including data-flow analysis, point-to analysis, and shape analysis to reason about the abstractions inside binary code || use of dynamic binary instrumentation to trace the instruction level behavior of both benign and malicious programs || use of virtual machines to observe the whole system level behavior including os kernels",Graduate
99,"CS 6334","Virtual Reality","theory and practice of virtual reality (vr) || provides in-depth overview of vr, including input devices, output devices, 3d navigation techniques, 3d selection and manipulation techniques, system control techniques, interaction fidelity, scenario fidelity, display fidelity, design guidelines, and evaluation methods",Graduate
100,"CS 6335","Language-based Security","development and formal verification of mission-critical software || machine-checkable proofs of software properties || automated theorem proving || binary software security hardening || software hijacking and information flow attacks and defenses",Graduate
101,"CS 6340","Wireless Networks","fundamental techniques in design and operation of the 2g-5g wireless cellular networks and wireless lans, including the control and the data planes || introduction to future technologies, such as 6g and iot || the course is a mix of qualitative and quantitative presentation",Graduate
102,"CS 6341",Robotics,"theory and practice of robotics || provides an in-depth overview of robot manipulation and navigation, including kinematics, statics, and dynamics of robot manipulators, motion planning, state estimation, environment mapping, and robot control",Graduate
103,"CS 6343","Cloud Computing","different layers of cloud computing, infrastructure as a service (iaas), platform as a service (paas), and software as a service (saas) || resource management, power management, and health monitoring in iaas cloud || hadoop mapreduce for big data computing || paas examples such as gae, force || saas concepts and enabling technologies || cloud storage theory and practical solutions such as gfs, big table, hdfs, hbase, dynamo, pnuts || erasure coding and secret sharing based cloud storage || virtualization and emulation || server virtualization, storage virtualization, and network virtualization",Graduate
104,"CS 6344","Data Representations","useful representations of data for efficient manipulation and visualization || these include, among others dimensionality reduction, clustering, euclidean embedding, graph embedding, and discriminant functions || techniques covered include principal component analysis (pca), singular value decomposition (svd), clustering, and various randomized techniques || special emphasis is given to the performance of these techniques on big data",Graduate
105,"CS 6346","Introduction to Multicore Programming","introduction to multi-core and gpu architecture concepts || classic and modern algorithms for coordination and synchronization || blocking and non-blocking synchronization || correctness conditions and reasoning about concurrent algorithms || data structures that exploit and extract performance from multiple cores || concurrent memory reclamation techniques || gpu programming with cuda",Graduate
106,"CS 6347","Statistical Methods in AI and Machine Learning","introduction to the probabilistic and statistical techniques used in modern computer systems || probabilistic graphical models such as bayesian and markov networks || probabilistic inference techniques including variable elimination, belief propagation and its generalizations, and sampling-based algorithms such as importance sampling and markov chain monte carlo sampling || statistical learning techniques for learning the structure and parameters of graphical models || sequential models such as hidden markov models and dynamic bayesian networks",Graduate
107,"CS 6348","Data and Applications Security","the course will teach principles, technologies, tools and trends for data, and applications security and privacy || topics to be covered include: confidentiality, privacy and trust management; advanced access control policy management; secure databases; secure distributed systems; encryption techniques for database security; blockchain based techniques for ensuring data integrity; data privacy; privacy-preserving data mining || students will take one system or application and develop a secure version of that system or application for the programming project",Graduate
108,"CS 6349","Network Security","this course covers theoretical and practical aspects of network security || the topics include use of cryptography for building secure communication protocols and authentication systems; security handshake pitfalls, kerberos and pki, security of tcp/ip protocols including ipsec, bgp security, vpns, idses, firewalls, and anonymous routing; security of tcp/ip applications; wireless lan security; denial-of-service defense || students are required to do a programming project building a distributed application with certain secure communication features and required to participate in several network security lab exercises and cyber war games",Graduate
109,"CS 6350","Big Data Management and Analytics","this course focuses on scalable data management and mining algorithms for analyzing very large amounts of data (i || , big data) || included topics are: mapreduce, nosql systems (e || , key-value stores, column-oriented data stores, stream processing systems), association rule mining, large scale supervised and unsupervised learning, state of the art research in data streams, and applications including recommendation systems, web and big data security",Graduate
110,"CS 6352","Performance of Computer Systems and Networks","overview of case studies || quick review of principles of probability theory || queuing models and physical origin of random variables used in queuing models || various important cases of the m/m/m/n queuing system || the m/g/1 queuing system || simulation of queuing systems || product form solutions of open and closed queuing networks || convolution algorithms and mean value analysis for closed queuing networks || discrete time queuing systems",Graduate
111,"CS 6353","Compiler Construction","lexical analyzers, context-free grammars || top-down and bottom-up parsing; shift reduce and lr parsing || operator-precedence, recursive-descent, predictive, and ll parsing || lr(k), ll(k) and precedence grammars will be covered",Graduate
112,"CS 6356","Software Maintenance, Evolution, and Re-Engineering","( and ) principles and techniques of software maintenance || impact of software development process on software justifiability, maintainability, evolvability, and planning of release cycles || use of very high-level languages and dependencies for forward engineering and reverse engineering || achievements, pitfalls, and trends in software reuse, reverse engineering, and re-engineering",Graduate
113,"CS 6359","Object-Oriented Analysis and Design","analysis and practice of modern tools and concepts that can help produce software that is tolerant of change || consideration of the primary tools of encapsulation and inheritance || construction of software-ics which show the parallel with hardware construction",Graduate
114,"CS 6360","Database Design","methods, principles, and concepts that are relevant to the practice of database software design || database system architecture; conceptual database models; relational and object-oriented databases; database system implementation; query processing and optimization; transaction processing concepts, concurrency, and recovery; security",Graduate
115,"CS 6361","Advanced Requirements Engineering","system and software requirements engineering || identification, elicitation, modeling, analysis, specification, management, and evolution of functional and non-functional requirements || strengths and weaknesses of different techniques, tools, and object-oriented methodologies || interactions and trade-offs among hardware, software, and organization || system and sub-system integration with software and organization as components of complex, composite systems || transition from requirements to design || critical issues in requirements engineering",Graduate
116,"CS 6363","Design and Analysis of Computer Algorithms","the study of efficient algorithms for various computational problems || algorithm design techniques || sorting, manipulation of data structures, graphs, matrix multiplication, and pattern matching || complexity of algorithms, lower bounds, np completeness",Graduate
117,"CS 6364","Artificial Intelligence","design of machines that exhibit intelligence || particular topics include: representation of knowledge, vision, natural language processing, search, logic and deduction, expert systems, planning, language comprehension, and machine learning",Graduate
118,"CS 6366","Computer Graphics","device and logical coordinate systems || geometric transformations in two and three dimensions || algorithms for basic 2-d drawing primitives, such as brensenham's algorithm for lines and circles, bezier and b-spline functions for curves, and line and polygon clipping algorithms || perspectives in 3-d, and hidden-line and hidden-face elimination, such as painter's and z-buffer algorithms || fractals and the mandelbrot set",Graduate
119,"CS 6367","Software Testing, Validation and Verification","( and ) fundamental concepts of software testing || gui based testing tools || control flow based test adequacy criteria || data flow based test adequacy criteria || white box based testing tools || mutation testing and testing tools || relationship between test adequacy criteria || finite state machine based testing || static and dynamic program slicing for testing and debugging || formal verification of program correctness",Graduate
120,"CS 6368","Telecommunication Network Management","in-depth study of network management issues and standards in telecommunication networks || osi management protocols including cmip, cmise, snmp, and mib || itu's tmn (telecommunication management network) standards, tmn functional architecture and information architecture || nmf (network management forum) and service management, service modeling and network management api || issues of telecommunication network management in distributed processing environment",Graduate
121,"CS 6371","Advanced Programming Languages","functional programming, lambda calculus, logic programming, abstract syntax, denotational semantics of imperative languages, fixpoints semantics, verification of programs, partial evaluation, interpretation and automatic compilation, axiomatic semantics, applications of semantics to software engineering",Graduate
122,"CS 6373","Intelligent Systems","logical formalizations of knowledge for the purpose of implementing intelligent systems that can reason in a way that mimics human reasoning || topics include: syntax and semantics of common logic, description logic, modal epistemic logic; reasoning about uncertainties, beliefs, defaults and counterfactuals; reasoning within contexts; implementations of knowledge base and textual inference reasoning systems; and applications",Graduate
123,"CS 6374","Computational Logic","deductive, inductive and abductive reasoning, logic-based knowledge representation and reasoning || logic programming, constraint programming, and the prolog language || non-monotonic reasoning, answer set programming, and automating common sense reasoning || applications of the above",Graduate
124,"CS 6375","Machine Learning","algorithms for training perceptions and multi-layer neural nets: back propagation, boltzmann machines, and self-organizing nets || the id3 and the nearest neighbor algorithms || formal models for analyzing learnability: exact identification in the limit and probably approximately correct (pac) identification || computational limitations of learning machines",Graduate
125,"CS 6376","Parallel Processing","topics include parallel processing, parallel machine models, parallel algorithms for sorting, searching and matrix operations || parallel graph algorithms",Graduate
126,"CS 6377","Introduction to Cryptography","this course covers the basic aspects of modern cryptography, including block ciphers, pseudorandom functions, symmetric encryption, hash functions, message authentication, number-theoretic primitives, public-key encryption, digital signatures and zero knowledge proofs",Graduate
127,"CS 6378","Advanced Operating Systems","concurrent processing, inter-process communication, process synchronization, deadlocks, introduction to queuing theory and operational analysis, topics in distributed systems and algorithms, checkpointing, recovery, multiprocessor operating systems || must have knowledge of c, unix, and socket programming",Graduate
128,"CS 6380","Distributed Computing","topics include distributed algorithms, election algorithms, synchronizers, mutual exclusion, resource allocation, deadlocks, byzantine agreement and clock synchronization, knowledge and common knowledge, reliability in distributed networks, and proving distributed programs correct",Graduate
129,"CS 6381","Combinatorics and Graph Algorithms","fundamentals of combinatorics and graph theory || combinatorial optimization, optimization algorithms for graphs (max flow, shortest routes, euler tour, hamiltonian tour)",Graduate
130,"CS 6382","Theory of Computation","formal models of computation || recursive function theory || undecidability and incompleteness || selected topics in theory of computation || department consent required",Graduate
131,"CS 6384","Computer Vision","algorithms for extracting information from digital pictures || particular topics include: analysis of motion in time varying image sequences, recovering depth from a pair of stereo images, image separation, recovering shape from textured images and shadows, object matching techniques, model based recognition, and the hough transform",Graduate
132,"CS 6385","Algorithmic Aspects of Telecommunication Networks","this is an advanced course on topics related to the design, analysis, and development of telecommunications systems and networks || the focus is on the efficient algorithmic solutions for key problems in modern telecommunications networks, in centralized and distributed models || topics include: main concepts in the design of distributed algorithms in synchronous and asynchronous models, analysis techniques for distributed algorithms, centralized and distributed solutions for handling design and optimization problems concerning network topology, architecture, routing, survivability, reliability, congestion, dimensioning and traffic management in modern telecommunication networks",Graduate
133,"CS 6386","Telecommunication Software Design","programming with sockets and remote procedure calls, real time programming concepts and strategies || operating system design for real time systems || encryption, file compression, and implementation of fire walls || an in-depth study of tcp/ip implementation || introduction to discrete event simulation of networks",Graduate
134,"CS 6390","Advanced Computer Networks","survey of recent advancements in high-speed network technologies || application of quantitative approach to the study of broadband integrated networks including admission control, access control, and quality of service guarantee",Graduate
135,"CS 6391","Optical Networks","enabling technologies for optical networks || broadcast-and-select optical networks || wavelength-routed optical networks || virtual topology design || routing and wavelength assignment || network control and management || protection and restoration || photonic packet switching || optical burst switching || survey of recent advances in optical networking",Graduate
136,"CS 6392","Mobile Computing Systems","topics include coping with mobility of computing systems, data management, reliability issues, packet transmission, mobile ip, end-to-end reliable communication, channel and other resource allocation, slot assignment, routing protocols, and issues in mobile wireless networks (without base stations)",Graduate
137,"CS 6396","Real-Time Systems","( and ) introduction to real-time applications and concepts || real-time operating systems and resource management || specification and design methods for real-time systems || system performance analysis and optimization techniques || project to specify, analyze, design, implement and test small real-time system",Graduate
138,"CS 6397","Synthesis and Optimization of High-Performance Systems","a comprehensive study of high-level synthesis and optimization algorithms for designing high performance systems with multiple cpus or functional units for critical applications such as multimedia, signal processing, telecommunications, networks, and graphics applications, etc || topics including algorithms for architecture-level synthesis, scheduling, resource binding, real-time systems, parallel processor array design and mapping, code generations for dsp processors, embedded systems and hardware/software codesigns",Graduate
139,"CS 6V81","Independent Study in Computer Science","may be repeated for credit",Graduate
140,"CS 6V98",Thesis,"may be repeated for credit || instructor consent required",Graduate
141,"CS 7301","Recent Advances in Computing","advanced topics and publications will be selected from the theory, design, and implementation issues in computing || may be repeated for credit as topics vary",Graduate
142,"CS 8V02","Topics in Computer Science","may be repeated for credit || instructor consent required",Graduate
143,"CS 8V07",Research,"open to students with advanced standing subject to approval of the graduate advisor || may be repeated for credit",Graduate
144,"CS 8V99",Dissertation,"may be repeated for credit",Graduate
